<UANodeSet xmlns:xsi="http://www.w3.org/2001/XMLSchema-instance" xmlns:uax="http://opcfoundation.org/UA/2008/02/Types.xsd" xmlns="http://opcfoundation.org/UA/2011/03/UANodeSet.xsd" xmlns:s1="http://ima.rwth-aachen.de/GearShaft/Types.xsd" xmlns:xsd="http://www.w3.org/2001/XMLSchema">
    <NamespaceUris>
        <Uri>urn:OPCUA:FlexibleUAServer</Uri>
        <Uri>http://ima.rwth-aachen.de/GearShaft/</Uri>
    </NamespaceUris>
    <Aliases>
        <Alias Alias="Int64">i=8</Alias>
        <Alias Alias="Double">i=11</Alias>
        <Alias Alias="LocalizedText">i=21</Alias>
        <Alias Alias="Organizes">i=35</Alias>
        <Alias Alias="HasModellingRule">i=37</Alias>
        <Alias Alias="HasTypeDefinition">i=40</Alias>
        <Alias Alias="HasSubtype">i=45</Alias>
        <Alias Alias="HasProperty">i=46</Alias>
        <Alias Alias="HasComponent">i=47</Alias>
        <Alias Alias="Range">i=884</Alias>
    </Aliases>
    <Extensions>
        <Extension>
            <ModelInfo Tool="UaModeler" Hash="AjgKIg7ETLQAmc4nuiElcg==" Version="1.4.3"/>
        </Extension>
    </Extensions>
    <UAVariableType ValueRank="-2" NodeId="ns=2;i=2004" BrowseName="1:ProductFeatures">
        <DisplayName>ProductFeatures</DisplayName>
        <References>
            <Reference ReferenceType="HasSubtype" IsForward="false">i=63</Reference>
        </References>
    </UAVariableType>
    <UAVariableType ValueRank="-2" NodeId="ns=2;i=2008" BrowseName="1:AssemblyFeatures">
        <DisplayName>AssemblyFeatures</DisplayName>
        <References>
            <Reference ReferenceType="HasSubtype" IsForward="false">ns=2;i=2004</Reference>
            <Reference ReferenceType="HasComponent">ns=2;i=6024</Reference>
            <Reference ReferenceType="HasComponent">ns=2;i=6025</Reference>
            <Reference ReferenceType="HasComponent">ns=2;i=6023</Reference>
        </References>
    </UAVariableType>
    <UAVariable DataType="Int64" ParentNodeId="ns=2;i=2008" NodeId="ns=2;i=6024" BrowseName="1:BatchAttributes" UserAccessLevel="3" AccessLevel="3">
        <DisplayName>BatchAttributes</DisplayName>
        <References>
            <Reference ReferenceType="HasComponent" IsForward="false">ns=2;i=2008</Reference>
            <Reference ReferenceType="HasTypeDefinition">ns=2;i=2012</Reference>
            <Reference ReferenceType="HasComponent">ns=2;i=6028</Reference>
            <Reference ReferenceType="HasModellingRule">i=78</Reference>
            <Reference ReferenceType="HasComponent">ns=2;i=6029</Reference>
        </References>
        <Value>
            <uax:Int64>0</uax:Int64>
        </Value>
    </UAVariable>
    <UAVariable DataType="Int64" ParentNodeId="ns=2;i=6024" NodeId="ns=2;i=6028" BrowseName="1:BatchNumber" UserAccessLevel="3" AccessLevel="3">
        <DisplayName>BatchNumber</DisplayName>
        <References>
            <Reference ReferenceType="HasTypeDefinition">i=63</Reference>
            <Reference ReferenceType="HasComponent" IsForward="false">ns=2;i=6024</Reference>
            <Reference ReferenceType="HasModellingRule">i=78</Reference>
        </References>
    </UAVariable>
    <UAVariable DataType="LocalizedText" ParentNodeId="ns=2;i=6024" NodeId="ns=2;i=6029" BrowseName="1:WorkShift" UserAccessLevel="3" AccessLevel="3">
        <DisplayName>WorkShift</DisplayName>
        <References>
            <Reference ReferenceType="HasTypeDefinition">i=63</Reference>
            <Reference ReferenceType="HasModellingRule">i=78</Reference>
            <Reference ReferenceType="HasComponent" IsForward="false">ns=2;i=6024</Reference>
        </References>
    </UAVariable>
    <UAVariable DataType="Int64" ParentNodeId="ns=2;i=2008" NodeId="ns=2;i=6025" BrowseName="1:LotSize" UserAccessLevel="3" AccessLevel="3">
        <DisplayName>LotSize</DisplayName>
        <References>
            <Reference ReferenceType="HasTypeDefinition">i=63</Reference>
            <Reference ReferenceType="HasComponent" IsForward="false">ns=2;i=2008</Reference>
            <Reference ReferenceType="HasModellingRule">i=78</Reference>
        </References>
    </UAVariable>
    <UAVariable DataType="Int64" ParentNodeId="ns=2;i=2008" NodeId="ns=2;i=6023" BrowseName="1:ProductNumber" UserAccessLevel="3" AccessLevel="3">
        <DisplayName>ProductNumber</DisplayName>
        <References>
            <Reference ReferenceType="HasTypeDefinition">i=63</Reference>
            <Reference ReferenceType="HasModellingRule">i=78</Reference>
            <Reference ReferenceType="HasComponent" IsForward="false">ns=2;i=2008</Reference>
        </References>
    </UAVariable>
    <UAVariableType ValueRank="-2" NodeId="ns=2;i=2009" BrowseName="1:GearFeatures">
        <DisplayName>GearFeatures</DisplayName>
        <References>
            <Reference ReferenceType="HasSubtype" IsForward="false">ns=2;i=2004</Reference>
        </References>
    </UAVariableType>
    <UAVariableType ValueRank="-2" NodeId="ns=2;i=2003" BrowseName="1:GearHoleDiameterType">
        <DisplayName>GearHoleDiameterType</DisplayName>
        <References>
            <Reference ReferenceType="HasProperty">ns=2;i=6007</Reference>
            <Reference ReferenceType="HasProperty">ns=2;i=6006</Reference>
            <Reference ReferenceType="HasComponent">ns=2;i=6005</Reference>
            <Reference ReferenceType="HasSubtype" IsForward="false">ns=2;i=2009</Reference>
        </References>
    </UAVariableType>
    <UAVariable DataType="Double" ParentNodeId="ns=2;i=2003" NodeId="ns=2;i=6007" BrowseName="1:MaximumDiameterFactor" UserAccessLevel="3" AccessLevel="3">
        <DisplayName>MaximumDiameterFactor</DisplayName>
        <References>
            <Reference ReferenceType="HasModellingRule">i=78</Reference>
            <Reference ReferenceType="HasProperty" IsForward="false">ns=2;i=2003</Reference>
            <Reference ReferenceType="HasTypeDefinition">i=68</Reference>
        </References>
        <Value>
            <uax:Double>1.04</uax:Double>
        </Value>
    </UAVariable>
    <UAVariable DataType="Double" ParentNodeId="ns=2;i=2003" NodeId="ns=2;i=6006" BrowseName="1:MinimalDiameterFactor" UserAccessLevel="3" AccessLevel="3">
        <DisplayName>MinimalDiameterFactor</DisplayName>
        <References>
            <Reference ReferenceType="HasModellingRule">i=78</Reference>
            <Reference ReferenceType="HasProperty" IsForward="false">ns=2;i=2003</Reference>
            <Reference ReferenceType="HasTypeDefinition">i=68</Reference>
        </References>
        <Value>
            <uax:Double>0.95</uax:Double>
        </Value>
    </UAVariable>
    <UAVariable DataType="Double" ParentNodeId="ns=2;i=2003" NodeId="ns=2;i=6005" BrowseName="1:NominalDiameter" UserAccessLevel="3" AccessLevel="3">
        <DisplayName>NominalDiameter</DisplayName>
        <References>
            <Reference ReferenceType="HasTypeDefinition">i=63</Reference>
            <Reference ReferenceType="HasModellingRule">i=78</Reference>
            <Reference ReferenceType="HasComponent" IsForward="false">ns=2;i=2003</Reference>
        </References>
    </UAVariable>
    <UAVariableType ValueRank="-2" NodeId="ns=2;i=2014" BrowseName="1:RootCircleDiameterType">
        <DisplayName>RootCircleDiameterType</DisplayName>
        <References>
            <Reference ReferenceType="HasComponent">ns=2;i=6044</Reference>
            <Reference ReferenceType="HasSubtype" IsForward="false">ns=2;i=2009</Reference>
            <Reference ReferenceType="HasComponent">ns=2;i=6042</Reference>
        </References>
    </UAVariableType>
    <UAVariable DataType="Double" ParentNodeId="ns=2;i=2014" NodeId="ns=2;i=6044" BrowseName="1:MeasuredDiameter" UserAccessLevel="3" AccessLevel="3">
        <DisplayName>MeasuredDiameter</DisplayName>
        <References>
            <Reference ReferenceType="HasTypeDefinition">i=63</Reference>
            <Reference ReferenceType="HasModellingRule">i=78</Reference>
            <Reference ReferenceType="HasComponent" IsForward="false">ns=2;i=2014</Reference>
            <Reference ReferenceType="HasProperty">ns=2;i=6051</Reference>
        </References>
        <Value>
            <uax:Double>0</uax:Double>
        </Value>
    </UAVariable>
    <UAVariable DataType="Double" ParentNodeId="ns=2;i=6044" NodeId="ns=2;i=6051" BrowseName="1:MeasurementAccuracy" UserAccessLevel="3" AccessLevel="3">
        <DisplayName>MeasurementAccuracy</DisplayName>
        <References>
            <Reference ReferenceType="HasModellingRule">i=78</Reference>
            <Reference ReferenceType="HasProperty" IsForward="false">ns=2;i=6044</Reference>
            <Reference ReferenceType="HasTypeDefinition">i=68</Reference>
        </References>
    </UAVariable>
    <UAVariable DataType="Double" ParentNodeId="ns=2;i=2014" NodeId="ns=2;i=6042" BrowseName="1:TargetDiameter" UserAccessLevel="3" AccessLevel="3">
        <DisplayName>TargetDiameter</DisplayName>
        <References>
            <Reference ReferenceType="HasTypeDefinition">i=63</Reference>
            <Reference ReferenceType="HasModellingRule">i=78</Reference>
            <Reference ReferenceType="HasComponent" IsForward="false">ns=2;i=2014</Reference>
        </References>
    </UAVariable>
    <UAVariableType ValueRank="-2" NodeId="ns=2;i=2010" BrowseName="1:ShaftFeatures">
        <DisplayName>ShaftFeatures</DisplayName>
        <References>
            <Reference ReferenceType="HasSubtype" IsForward="false">ns=2;i=2004</Reference>
        </References>
    </UAVariableType>
    <UAVariableType ValueRank="-2" NodeId="ns=2;i=2005" BrowseName="1:ResourceFeatures">
        <DisplayName>ResourceFeatures</DisplayName>
        <References>
            <Reference ReferenceType="HasSubtype" IsForward="false">i=63</Reference>
        </References>
    </UAVariableType>
    <UAVariableType ValueRank="-2" NodeId="ns=2;i=2006" BrowseName="1:MachineFeatures">
        <DisplayName>MachineFeatures</DisplayName>
        <References>
            <Reference ReferenceType="HasSubtype" IsForward="false">ns=2;i=2005</Reference>
        </References>
    </UAVariableType>
    <UAVariableType DataType="Double" ValueRank="-2" NodeId="ns=2;i=2015" BrowseName="1:CuttingSpeedType">
        <DisplayName>CuttingSpeedType</DisplayName>
        <References>
            <Reference ReferenceType="HasSubtype" IsForward="false">ns=2;i=2006</Reference>
        </References>
        <Value>
            <uax:Double>0</uax:Double>
        </Value>
    </UAVariableType>
    <UAVariableType DataType="Double" ValueRank="-2" NodeId="ns=2;i=2002" BrowseName="1:DrillBitDiameterType">
        <DisplayName>DrillBitDiameterType</DisplayName>
        <References>
            <Reference ReferenceType="HasComponent">ns=2;i=6001</Reference>
            <Reference ReferenceType="HasProperty">ns=2;i=6004</Reference>
            <Reference ReferenceType="HasComponent">ns=2;i=6003</Reference>
            <Reference ReferenceType="HasComponent">ns=2;i=6002</Reference>
            <Reference ReferenceType="HasSubtype" IsForward="false">ns=2;i=2006</Reference>
        </References>
        <Value>
            <uax:Double>0</uax:Double>
        </Value>
    </UAVariableType>
    <UAVariable DataType="Double" ParentNodeId="ns=2;i=2002" NodeId="ns=2;i=6001" BrowseName="1:Diameter" UserAccessLevel="3" AccessLevel="3">
        <DisplayName>Diameter</DisplayName>
        <References>
            <Reference ReferenceType="HasTypeDefinition">i=63</Reference>
            <Reference ReferenceType="HasComponent" IsForward="false">ns=2;i=2002</Reference>
            <Reference ReferenceType="HasModellingRule">i=78</Reference>
        </References>
    </UAVariable>
    <UAVariable DataType="Double" ParentNodeId="ns=2;i=2002" NodeId="ns=2;i=6004" BrowseName="1:DurabilityFactor" UserAccessLevel="3" AccessLevel="3">
        <DisplayName>DurabilityFactor</DisplayName>
        <References>
            <Reference ReferenceType="HasProperty" IsForward="false">ns=2;i=2002</Reference>
            <Reference ReferenceType="HasModellingRule">i=78</Reference>
            <Reference ReferenceType="HasTypeDefinition">i=68</Reference>
        </References>
    </UAVariable>
    <UAVariable DataType="Double" ParentNodeId="ns=2;i=2002" NodeId="ns=2;i=6003" BrowseName="1:EndDiameter" UserAccessLevel="3" AccessLevel="3">
        <DisplayName>EndDiameter</DisplayName>
        <References>
            <Reference ReferenceType="HasTypeDefinition">i=63</Reference>
            <Reference ReferenceType="HasComponent" IsForward="false">ns=2;i=2002</Reference>
            <Reference ReferenceType="HasModellingRule">i=78</Reference>
        </References>
    </UAVariable>
    <UAVariable DataType="Double" ParentNodeId="ns=2;i=2002" NodeId="ns=2;i=6002" BrowseName="1:InitialDiameter" UserAccessLevel="3" AccessLevel="3">
        <DisplayName>InitialDiameter</DisplayName>
        <References>
            <Reference ReferenceType="HasTypeDefinition">i=63</Reference>
            <Reference ReferenceType="HasComponent" IsForward="false">ns=2;i=2002</Reference>
            <Reference ReferenceType="HasModellingRule">i=78</Reference>
        </References>
    </UAVariable>
    <UAVariableType DataType="Double" ValueRank="-2" NodeId="ns=2;i=2013" BrowseName="1:RotationSpeedType">
        <DisplayName>RotationSpeedType</DisplayName>
        <References>
            <Reference ReferenceType="HasComponent">ns=2;i=6031</Reference>
            <Reference ReferenceType="HasSubtype" IsForward="false">ns=2;i=2006</Reference>
            <Reference ReferenceType="HasComponent">ns=2;i=6030</Reference>
        </References>
        <Value>
            <uax:Double>0</uax:Double>
        </Value>
    </UAVariableType>
    <UAVariable DataType="Double" ParentNodeId="ns=2;i=2013" NodeId="ns=2;i=6031" BrowseName="1:MeasurementProperties" UserAccessLevel="3" AccessLevel="3">
        <DisplayName>MeasurementProperties</DisplayName>
        <References>
            <Reference ReferenceType="HasTypeDefinition">i=2368</Reference>
            <Reference ReferenceType="HasProperty">ns=2;i=6032</Reference>
            <Reference ReferenceType="HasModellingRule">i=78</Reference>
            <Reference ReferenceType="HasComponent" IsForward="false">ns=2;i=2013</Reference>
        </References>
        <Value>
            <uax:Double>0</uax:Double>
        </Value>
    </UAVariable>
    <UAVariable DataType="Range" ParentNodeId="ns=2;i=6031" NodeId="ns=2;i=6032" BrowseName="EURange">
        <DisplayName>EURange</DisplayName>
        <References>
            <Reference ReferenceType="HasProperty" IsForward="false">ns=2;i=6031</Reference>
            <Reference ReferenceType="HasModellingRule">i=78</Reference>
            <Reference ReferenceType="HasTypeDefinition">i=68</Reference>
        </References>
    </UAVariable>
    <UAVariable DataType="Double" ParentNodeId="ns=2;i=2013" NodeId="ns=2;i=6030" BrowseName="1:TurningSpeed" UserAccessLevel="3" AccessLevel="3">
        <DisplayName>TurningSpeed</DisplayName>
        <References>
            <Reference ReferenceType="HasTypeDefinition">i=63</Reference>
            <Reference ReferenceType="HasModellingRule">i=78</Reference>
            <Reference ReferenceType="HasComponent" IsForward="false">ns=2;i=2013</Reference>
        </References>
    </UAVariable>
    <UAVariableType ValueRank="-2" NodeId="ns=2;i=2007" BrowseName="1:RobotFeatures">
        <DisplayName>RobotFeatures</DisplayName>
        <References>
            <Reference ReferenceType="HasSubtype" IsForward="false">ns=2;i=2005</Reference>
        </References>
    </UAVariableType>
    <UAVariableType ValueRank="-2" NodeId="ns=2;i=2011" BrowseName="1:ResourceManagement">
        <DisplayName>ResourceManagement</DisplayName>
        <References>
            <Reference ReferenceType="HasSubtype" IsForward="false">i=63</Reference>
        </References>
    </UAVariableType>
    <UAVariableType ValueRank="-2" NodeId="ns=2;i=2012" BrowseName="1:BatchAttributesType">
        <DisplayName>BatchAttributesType</DisplayName>
        <References>
            <Reference ReferenceType="HasSubtype" IsForward="false">ns=2;i=2011</Reference>
            <Reference ReferenceType="HasComponent">ns=2;i=6026</Reference>
            <Reference ReferenceType="HasComponent">ns=2;i=6027</Reference>
        </References>
    </UAVariableType>
    <UAVariable DataType="Int64" ParentNodeId="ns=2;i=2012" NodeId="ns=2;i=6026" BrowseName="1:BatchNumber" UserAccessLevel="3" AccessLevel="3">
        <DisplayName>BatchNumber</DisplayName>
        <References>
            <Reference ReferenceType="HasTypeDefinition">i=63</Reference>
            <Reference ReferenceType="HasComponent" IsForward="false">ns=2;i=2012</Reference>
            <Reference ReferenceType="HasModellingRule">i=78</Reference>
        </References>
    </UAVariable>
    <UAVariable DataType="LocalizedText" ParentNodeId="ns=2;i=2012" NodeId="ns=2;i=6027" BrowseName="1:WorkShift" UserAccessLevel="3" AccessLevel="3">
        <DisplayName>WorkShift</DisplayName>
        <References>
            <Reference ReferenceType="HasTypeDefinition">i=63</Reference>
            <Reference ReferenceType="HasModellingRule">i=78</Reference>
            <Reference ReferenceType="HasComponent" IsForward="false">ns=2;i=2012</Reference>
        </References>
    </UAVariable>
    <UAObjectType NodeId="ns=2;i=1002" BrowseName="1:ProductionResourceType">
        <DisplayName>ProductionResourceType</DisplayName>
        <References>
            <Reference ReferenceType="HasSubtype" IsForward="false">i=58</Reference>
        </References>
    </UAObjectType>
    <UAObjectType NodeId="ns=2;i=1003" BrowseName="1:MachineType">
        <DisplayName>MachineType</DisplayName>
        <References>
            <Reference ReferenceType="HasSubtype" IsForward="false">ns=2;i=1002</Reference>
        </References>
    </UAObjectType>
    <UAObjectType NodeId="ns=2;i=1012" BrowseName="1:DrillingMachineType">
        <DisplayName>DrillingMachineType</DisplayName>
        <References>
            <Reference ReferenceType="HasComponent">ns=2;i=5001</Reference>
            <Reference ReferenceType="HasSubtype" IsForward="false">ns=2;i=1003</Reference>
            <Reference ReferenceType="HasComponent">ns=2;i=5012</Reference>
            <Reference ReferenceType="HasComponent">ns=2;i=5004</Reference>
            <Reference ReferenceType="HasComponent">ns=2;i=5014</Reference>
            <Reference ReferenceType="HasComponent">ns=2;i=5006</Reference>
            <Reference ReferenceType="HasComponent">ns=2;i=5010</Reference>
        </References>
    </UAObjectType>
    <UAObject ParentNodeId="ns=2;i=1012" NodeId="ns=2;i=5001" BrowseName="1:DrillBit">
        <DisplayName>DrillBit</DisplayName>
        <References>
            <Reference ReferenceType="HasComponent" IsForward="false">ns=2;i=1012</Reference>
            <Reference ReferenceType="HasComponent">ns=2;i=6013</Reference>
            <Reference ReferenceType="HasTypeDefinition">ns=2;i=1008</Reference>
            <Reference ReferenceType="HasModellingRule">i=78</Reference>
        </References>
    </UAObject>
    <UAVariable DataType="Double" ParentNodeId="ns=2;i=5001" NodeId="ns=2;i=6013" BrowseName="1:DrillBitDiameter" UserAccessLevel="3" AccessLevel="3">
        <DisplayName>DrillBitDiameter</DisplayName>
        <References>
            <Reference ReferenceType="HasComponent">ns=2;i=6014</Reference>
            <Reference ReferenceType="HasComponent" IsForward="false">ns=2;i=5001</Reference>
            <Reference ReferenceType="HasTypeDefinition">ns=2;i=2002</Reference>
            <Reference ReferenceType="HasProperty">ns=2;i=6015</Reference>
            <Reference ReferenceType="HasComponent">ns=2;i=6016</Reference>
            <Reference ReferenceType="HasComponent">ns=2;i=6017</Reference>
            <Reference ReferenceType="HasModellingRule">i=78</Reference>
        </References>
        <Value>
            <uax:Double>1</uax:Double>
        </Value>
    </UAVariable>
    <UAVariable DataType="Double" ParentNodeId="ns=2;i=6013" NodeId="ns=2;i=6014" BrowseName="1:Diameter" UserAccessLevel="3" AccessLevel="3">
        <DisplayName>Diameter</DisplayName>
        <References>
            <Reference ReferenceType="HasTypeDefinition">i=63</Reference>
            <Reference ReferenceType="HasComponent" IsForward="false">ns=2;i=6013</Reference>
            <Reference ReferenceType="HasModellingRule">i=78</Reference>
        </References>
    </UAVariable>
    <UAVariable DataType="Double" ParentNodeId="ns=2;i=6013" NodeId="ns=2;i=6015" BrowseName="1:DurabilityFactor" UserAccessLevel="3" AccessLevel="3">
        <DisplayName>DurabilityFactor</DisplayName>
        <References>
            <Reference ReferenceType="HasProperty" IsForward="false">ns=2;i=6013</Reference>
            <Reference ReferenceType="HasModellingRule">i=78</Reference>
            <Reference ReferenceType="HasTypeDefinition">i=68</Reference>
        </References>
    </UAVariable>
    <UAVariable DataType="Double" ParentNodeId="ns=2;i=6013" NodeId="ns=2;i=6016" BrowseName="1:EndDiameter" UserAccessLevel="3" AccessLevel="3">
        <DisplayName>EndDiameter</DisplayName>
        <References>
            <Reference ReferenceType="HasTypeDefinition">i=63</Reference>
            <Reference ReferenceType="HasComponent" IsForward="false">ns=2;i=6013</Reference>
            <Reference ReferenceType="HasModellingRule">i=78</Reference>
        </References>
    </UAVariable>
    <UAVariable DataType="Double" ParentNodeId="ns=2;i=6013" NodeId="ns=2;i=6017" BrowseName="1:InitialDiameter" UserAccessLevel="3" AccessLevel="3">
        <DisplayName>InitialDiameter</DisplayName>
        <References>
            <Reference ReferenceType="HasTypeDefinition">i=63</Reference>
            <Reference ReferenceType="HasComponent" IsForward="false">ns=2;i=6013</Reference>
            <Reference ReferenceType="HasModellingRule">i=78</Reference>
        </References>
    </UAVariable>
    <UAObject ParentNodeId="ns=2;i=1012" NodeId="ns=2;i=5012" BrowseName="1:PressureSensor">
        <DisplayName>PressureSensor</DisplayName>
        <References>
            <Reference ReferenceType="HasModellingRule">i=78</Reference>
            <Reference ReferenceType="HasComponent">ns=2;i=6062</Reference>
            <Reference ReferenceType="HasTypeDefinition">ns=2;i=1018</Reference>
            <Reference ReferenceType="HasComponent" IsForward="false">ns=2;i=1012</Reference>
        </References>
    </UAObject>
    <UAVariable DataType="Double" ParentNodeId="ns=2;i=5012" NodeId="ns=2;i=6062" BrowseName="1:Pressure" UserAccessLevel="3" AccessLevel="3">
        <DisplayName>Pressure</DisplayName>
        <References>
            <Reference ReferenceType="HasTypeDefinition">i=63</Reference>
            <Reference ReferenceType="HasModellingRule">i=78</Reference>
            <Reference ReferenceType="HasComponent" IsForward="false">ns=2;i=5012</Reference>
        </References>
        <Value>
            <uax:Double>0</uax:Double>
        </Value>
    </UAVariable>
    <UAObject ParentNodeId="ns=2;i=1012" NodeId="ns=2;i=5004" BrowseName="1:RotationSpeedSensor">
        <DisplayName>RotationSpeedSensor</DisplayName>
        <References>
            <Reference ReferenceType="HasModellingRule">i=78</Reference>
            <Reference ReferenceType="HasComponent">ns=2;i=6039</Reference>
            <Reference ReferenceType="HasComponent" IsForward="false">ns=2;i=1012</Reference>
            <Reference ReferenceType="HasTypeDefinition">ns=2;i=1019</Reference>
        </References>
    </UAObject>
    <UAVariable DataType="Double" ParentNodeId="ns=2;i=5004" NodeId="ns=2;i=6039" BrowseName="1:RotationSpeed" UserAccessLevel="3" AccessLevel="3">
        <DisplayName>RotationSpeed</DisplayName>
        <References>
            <Reference ReferenceType="HasModellingRule">i=78</Reference>
            <Reference ReferenceType="HasComponent">ns=2;i=6043</Reference>
            <Reference ReferenceType="HasComponent" IsForward="false">ns=2;i=5004</Reference>
            <Reference ReferenceType="HasTypeDefinition">ns=2;i=2013</Reference>
            <Reference ReferenceType="HasComponent">ns=2;i=6046</Reference>
        </References>
        <Value>
            <uax:Double>1</uax:Double>
        </Value>
    </UAVariable>
    <UAVariable DataType="Double" ParentNodeId="ns=2;i=6039" NodeId="ns=2;i=6043" BrowseName="1:MeasurementProperties" UserAccessLevel="3" AccessLevel="3">
        <DisplayName>MeasurementProperties</DisplayName>
        <References>
            <Reference ReferenceType="HasTypeDefinition">i=2368</Reference>
            <Reference ReferenceType="HasProperty">ns=2;i=6045</Reference>
            <Reference ReferenceType="HasProperty">ns=2;i=6035</Reference>
            <Reference ReferenceType="HasModellingRule">i=78</Reference>
            <Reference ReferenceType="HasComponent" IsForward="false">ns=2;i=6039</Reference>
        </References>
        <Value>
            <uax:Double>0</uax:Double>
        </Value>
    </UAVariable>
    <UAVariable DataType="Range" ParentNodeId="ns=2;i=6043" NodeId="ns=2;i=6045" BrowseName="EURange">
        <DisplayName>EURange</DisplayName>
        <References>
            <Reference ReferenceType="HasProperty" IsForward="false">ns=2;i=6043</Reference>
            <Reference ReferenceType="HasModellingRule">i=78</Reference>
            <Reference ReferenceType="HasTypeDefinition">i=68</Reference>
        </References>
    </UAVariable>
    <UAVariable DataType="Range" ParentNodeId="ns=2;i=6034" NodeId="ns=2;i=6035" BrowseName="EURange">
        <DisplayName>EURange</DisplayName>
        <References>
            <Reference ReferenceType="HasProperty" IsForward="false">ns=2;i=6034</Reference>
            <Reference ReferenceType="HasModellingRule">i=78</Reference>
            <Reference ReferenceType="HasTypeDefinition">i=68</Reference>
            <Reference ReferenceType="HasProperty" IsForward="false">ns=2;i=6043</Reference>
            <Reference ReferenceType="HasProperty" IsForward="false">ns=2;i=6048</Reference>
        </References>
    </UAVariable>
    <UAVariable DataType="Double" ParentNodeId="ns=2;i=6039" NodeId="ns=2;i=6046" BrowseName="1:TurningSpeed" UserAccessLevel="3" AccessLevel="3">
        <DisplayName>TurningSpeed</DisplayName>
        <References>
            <Reference ReferenceType="HasTypeDefinition">i=63</Reference>
            <Reference ReferenceType="HasModellingRule">i=78</Reference>
            <Reference ReferenceType="HasComponent" IsForward="false">ns=2;i=6039</Reference>
        </References>
    </UAVariable>
    <UAObject ParentNodeId="ns=2;i=1012" NodeId="ns=2;i=5014" BrowseName="1:SurfaceQualitySensor">
        <DisplayName>SurfaceQualitySensor</DisplayName>
        <References>
            <Reference ReferenceType="HasModellingRule">i=78</Reference>
            <Reference ReferenceType="HasComponent">ns=2;i=6065</Reference>
            <Reference ReferenceType="HasTypeDefinition">ns=2;i=1021</Reference>
            <Reference ReferenceType="HasComponent" IsForward="false">ns=2;i=1012</Reference>
        </References>
    </UAObject>
    <UAVariable DataType="Double" ParentNodeId="ns=2;i=5014" NodeId="ns=2;i=6065" BrowseName="1:SurfaceQuality" UserAccessLevel="3" AccessLevel="3">
        <DisplayName>SurfaceQuality</DisplayName>
        <References>
            <Reference ReferenceType="HasTypeDefinition">i=63</Reference>
            <Reference ReferenceType="HasModellingRule">i=78</Reference>
            <Reference ReferenceType="HasComponent" IsForward="false">ns=2;i=5014</Reference>
        </References>
    </UAVariable>
    <UAObject ParentNodeId="ns=2;i=1012" NodeId="ns=2;i=5006" BrowseName="1:TempSensor1">
        <DisplayName>TempSensor1</DisplayName>
        <References>
            <Reference ReferenceType="HasModellingRule">i=78</Reference>
            <Reference ReferenceType="HasComponent">ns=2;i=6057</Reference>
            <Reference ReferenceType="HasTypeDefinition">ns=2;i=1020</Reference>
            <Reference ReferenceType="HasComponent" IsForward="false">ns=2;i=1012</Reference>
        </References>
    </UAObject>
    <UAVariable DataType="Double" ParentNodeId="ns=2;i=5006" NodeId="ns=2;i=6057" BrowseName="1:Temperature" UserAccessLevel="3" AccessLevel="3">
        <DisplayName>Temperature</DisplayName>
        <References>
            <Reference ReferenceType="HasTypeDefinition">i=63</Reference>
            <Reference ReferenceType="HasModellingRule">i=78</Reference>
            <Reference ReferenceType="HasComponent" IsForward="false">ns=2;i=5006</Reference>
        </References>
    </UAVariable>
    <UAObject ParentNodeId="ns=2;i=1012" NodeId="ns=2;i=5010" BrowseName="1:TempSensor2">
        <DisplayName>TempSensor2</DisplayName>
        <References>
            <Reference ReferenceType="HasModellingRule">i=78</Reference>
            <Reference ReferenceType="HasComponent">ns=2;i=6059</Reference>
            <Reference ReferenceType="HasTypeDefinition">ns=2;i=1020</Reference>
            <Reference ReferenceType="HasComponent" IsForward="false">ns=2;i=1012</Reference>
        </References>
    </UAObject>
    <UAVariable DataType="Double" ParentNodeId="ns=2;i=5010" NodeId="ns=2;i=6059" BrowseName="1:Temperature" UserAccessLevel="3" AccessLevel="3">
        <DisplayName>Temperature</DisplayName>
        <References>
            <Reference ReferenceType="HasTypeDefinition">i=63</Reference>
            <Reference ReferenceType="HasModellingRule">i=78</Reference>
            <Reference ReferenceType="HasComponent" IsForward="false">ns=2;i=5010</Reference>
        </References>
    </UAVariable>
    <UAObjectType NodeId="ns=2;i=1013" BrowseName="1:MillingMachineType">
        <DisplayName>MillingMachineType</DisplayName>
        <References>
            <Reference ReferenceType="HasSubtype" IsForward="false">ns=2;i=1003</Reference>
        </References>
    </UAObjectType>
    <UAObjectType NodeId="ns=2;i=1014" BrowseName="1:TurningMachineType">
        <DisplayName>TurningMachineType</DisplayName>
        <References>
            <Reference ReferenceType="HasSubtype" IsForward="false">ns=2;i=1003</Reference>
        </References>
    </UAObjectType>
    <UAObjectType NodeId="ns=2;i=1004" BrowseName="1:RobotType">
        <DisplayName>RobotType</DisplayName>
        <References>
            <Reference ReferenceType="HasSubtype" IsForward="false">ns=2;i=1002</Reference>
        </References>
    </UAObjectType>
    <UAObjectType NodeId="ns=2;i=1015" BrowseName="1:AssemblyRobotType">
        <DisplayName>AssemblyRobotType</DisplayName>
        <References>
            <Reference ReferenceType="HasSubtype" IsForward="false">ns=2;i=1004</Reference>
        </References>
    </UAObjectType>
    <UAObjectType NodeId="ns=2;i=1009" BrowseName="1:ProductType">
        <DisplayName>ProductType</DisplayName>
        <References>
            <Reference ReferenceType="HasSubtype" IsForward="false">i=58</Reference>
        </References>
    </UAObjectType>
    <UAObjectType NodeId="ns=2;i=1010" BrowseName="1:GearType">
        <DisplayName>GearType</DisplayName>
        <References>
            <Reference ReferenceType="HasComponent">ns=2;i=6037</Reference>
            <Reference ReferenceType="HasSubtype" IsForward="false">ns=2;i=1009</Reference>
        </References>
    </UAObjectType>
    <UAVariable DataType="Double" ParentNodeId="ns=2;i=1010" NodeId="ns=2;i=6037" BrowseName="1:GearHoleDiameter" UserAccessLevel="3" AccessLevel="3">
        <DisplayName>GearHoleDiameter</DisplayName>
        <References>
            <Reference ReferenceType="HasComponent" IsForward="false">ns=2;i=1010</Reference>
            <Reference ReferenceType="HasTypeDefinition">ns=2;i=2003</Reference>
            <Reference ReferenceType="HasModellingRule">i=78</Reference>
            <Reference ReferenceType="HasProperty">ns=2;i=6038</Reference>
            <Reference ReferenceType="HasProperty">ns=2;i=6040</Reference>
            <Reference ReferenceType="HasComponent">ns=2;i=6041</Reference>
        </References>
    </UAVariable>
    <UAVariable DataType="Double" ParentNodeId="ns=2;i=6037" NodeId="ns=2;i=6038" BrowseName="1:MaximumDiameterFactor" UserAccessLevel="3" AccessLevel="3">
        <DisplayName>MaximumDiameterFactor</DisplayName>
        <References>
            <Reference ReferenceType="HasModellingRule">i=78</Reference>
            <Reference ReferenceType="HasProperty" IsForward="false">ns=2;i=6037</Reference>
            <Reference ReferenceType="HasTypeDefinition">i=68</Reference>
        </References>
        <Value>
            <uax:Double>1.04</uax:Double>
        </Value>
    </UAVariable>
    <UAVariable DataType="Double" ParentNodeId="ns=2;i=6037" NodeId="ns=2;i=6040" BrowseName="1:MinimalDiameterFactor" UserAccessLevel="3" AccessLevel="3">
        <DisplayName>MinimalDiameterFactor</DisplayName>
        <References>
            <Reference ReferenceType="HasModellingRule">i=78</Reference>
            <Reference ReferenceType="HasProperty" IsForward="false">ns=2;i=6037</Reference>
            <Reference ReferenceType="HasTypeDefinition">i=68</Reference>
        </References>
        <Value>
            <uax:Double>0.95</uax:Double>
        </Value>
    </UAVariable>
    <UAVariable DataType="Double" ParentNodeId="ns=2;i=6037" NodeId="ns=2;i=6041" BrowseName="1:NominalDiameter" UserAccessLevel="3" AccessLevel="3">
        <DisplayName>NominalDiameter</DisplayName>
        <References>
            <Reference ReferenceType="HasTypeDefinition">i=63</Reference>
            <Reference ReferenceType="HasModellingRule">i=78</Reference>
            <Reference ReferenceType="HasComponent" IsForward="false">ns=2;i=6037</Reference>
        </References>
    </UAVariable>
    <UAObjectType NodeId="ns=2;i=1011" BrowseName="1:ShaftType">
        <DisplayName>ShaftType</DisplayName>
        <References>
            <Reference ReferenceType="HasSubtype" IsForward="false">ns=2;i=1009</Reference>
        </References>
    </UAObjectType>
    <UAObjectType NodeId="ns=2;i=1016" BrowseName="1:SensorType">
        <DisplayName>SensorType</DisplayName>
        <References>
            <Reference ReferenceType="HasSubtype" IsForward="false">i=58</Reference>
        </References>
    </UAObjectType>
    <UAObjectType NodeId="ns=2;i=1018" BrowseName="1:PressureSensorType">
        <DisplayName>PressureSensorType</DisplayName>
        <References>
            <Reference ReferenceType="HasComponent">ns=2;i=6061</Reference>
            <Reference ReferenceType="HasSubtype" IsForward="false">ns=2;i=1016</Reference>
        </References>
    </UAObjectType>
    <UAVariable DataType="Double" ParentNodeId="ns=2;i=1018" NodeId="ns=2;i=6061" BrowseName="1:Pressure" UserAccessLevel="3" AccessLevel="3">
        <DisplayName>Pressure</DisplayName>
        <References>
            <Reference ReferenceType="HasTypeDefinition">i=63</Reference>
            <Reference ReferenceType="HasComponent" IsForward="false">ns=2;i=1018</Reference>
            <Reference ReferenceType="HasModellingRule">i=78</Reference>
        </References>
        <Value>
            <uax:Double>0</uax:Double>
        </Value>
    </UAVariable>
    <UAObjectType NodeId="ns=2;i=1021" BrowseName="1:SurfaceQualitySensorType">
        <DisplayName>SurfaceQualitySensorType</DisplayName>
        <References>
            <Reference ReferenceType="HasComponent">ns=2;i=6064</Reference>
            <Reference ReferenceType="HasSubtype" IsForward="false">ns=2;i=1016</Reference>
        </References>
    </UAObjectType>
    <UAVariable DataType="Double" ParentNodeId="ns=2;i=1021" NodeId="ns=2;i=6064" BrowseName="1:SurfaceQuality" UserAccessLevel="3" AccessLevel="3">
        <DisplayName>SurfaceQuality</DisplayName>
        <References>
            <Reference ReferenceType="HasTypeDefinition">i=63</Reference>
            <Reference ReferenceType="HasModellingRule">i=78</Reference>
            <Reference ReferenceType="HasComponent" IsForward="false">ns=2;i=1021</Reference>
        </References>
    </UAVariable>
    <UAObjectType NodeId="ns=2;i=1020" BrowseName="1:TempSensorType">
        <DisplayName>TempSensorType</DisplayName>
        <References>
            <Reference ReferenceType="HasComponent">ns=2;i=6056</Reference>
            <Reference ReferenceType="HasSubtype" IsForward="false">ns=2;i=1016</Reference>
        </References>
    </UAObjectType>
    <UAVariable DataType="Double" ParentNodeId="ns=2;i=1020" NodeId="ns=2;i=6056" BrowseName="1:Temperature" UserAccessLevel="3" AccessLevel="3">
        <DisplayName>Temperature</DisplayName>
        <References>
            <Reference ReferenceType="HasTypeDefinition">i=63</Reference>
            <Reference ReferenceType="HasModellingRule">i=78</Reference>
            <Reference ReferenceType="HasComponent" IsForward="false">ns=2;i=1020</Reference>
        </References>
    </UAVariable>
    <UAObjectType NodeId="ns=2;i=1017" BrowseName="1:VelocitySensorType">
        <DisplayName>VelocitySensorType</DisplayName>
        <References>
            <Reference ReferenceType="HasSubtype" IsForward="false">ns=2;i=1016</Reference>
        </References>
    </UAObjectType>
    <UAObjectType NodeId="ns=2;i=1019" BrowseName="1:RotationSpeedSensorType">
        <DisplayName>RotationSpeedSensorType</DisplayName>
        <References>
            <Reference ReferenceType="HasComponent">ns=2;i=6033</Reference>
            <Reference ReferenceType="HasSubtype" IsForward="false">ns=2;i=1017</Reference>
        </References>
    </UAObjectType>
    <UAVariable DataType="Double" ParentNodeId="ns=2;i=1019" NodeId="ns=2;i=6033" BrowseName="1:RotationSpeed" UserAccessLevel="3" AccessLevel="3">
        <DisplayName>RotationSpeed</DisplayName>
        <References>
            <Reference ReferenceType="HasModellingRule">i=78</Reference>
            <Reference ReferenceType="HasComponent">ns=2;i=6034</Reference>
            <Reference ReferenceType="HasComponent" IsForward="false">ns=2;i=1019</Reference>
            <Reference ReferenceType="HasTypeDefinition">ns=2;i=2013</Reference>
            <Reference ReferenceType="HasComponent">ns=2;i=6036</Reference>
        </References>
        <Value>
            <uax:Double>1</uax:Double>
        </Value>
    </UAVariable>
    <UAVariable DataType="Double" ParentNodeId="ns=2;i=6033" NodeId="ns=2;i=6034" BrowseName="1:MeasurementProperties" UserAccessLevel="3" AccessLevel="3">
        <DisplayName>MeasurementProperties</DisplayName>
        <References>
            <Reference ReferenceType="HasTypeDefinition">i=2368</Reference>
            <Reference ReferenceType="HasProperty">ns=2;i=6035</Reference>
            <Reference ReferenceType="HasModellingRule">i=78</Reference>
            <Reference ReferenceType="HasComponent" IsForward="false">ns=2;i=6033</Reference>
        </References>
        <Value>
            <uax:Double>0</uax:Double>
        </Value>
    </UAVariable>
    <UAVariable DataType="Double" ParentNodeId="ns=2;i=6033" NodeId="ns=2;i=6036" BrowseName="1:TurningSpeed" UserAccessLevel="3" AccessLevel="3">
        <DisplayName>TurningSpeed</DisplayName>
        <References>
            <Reference ReferenceType="HasTypeDefinition">i=63</Reference>
            <Reference ReferenceType="HasModellingRule">i=78</Reference>
            <Reference ReferenceType="HasComponent" IsForward="false">ns=2;i=6033</Reference>
        </References>
    </UAVariable>
    <UAObjectType NodeId="ns=2;i=1005" BrowseName="1:ToolType">
        <DisplayName>ToolType</DisplayName>
        <References>
            <Reference ReferenceType="HasSubtype" IsForward="false">i=58</Reference>
        </References>
    </UAObjectType>
    <UAObjectType NodeId="ns=2;i=1008" BrowseName="1:DrillBitType">
        <DisplayName>DrillBitType</DisplayName>
        <References>
            <Reference ReferenceType="HasComponent">ns=2;i=6008</Reference>
            <Reference ReferenceType="HasSubtype" IsForward="false">ns=2;i=1005</Reference>
        </References>
    </UAObjectType>
    <UAVariable DataType="Double" ParentNodeId="ns=2;i=1008" NodeId="ns=2;i=6008" BrowseName="1:DrillBitDiameter" UserAccessLevel="3" AccessLevel="3">
        <DisplayName>DrillBitDiameter</DisplayName>
        <References>
            <Reference ReferenceType="HasComponent">ns=2;i=6009</Reference>
            <Reference ReferenceType="HasComponent" IsForward="false">ns=2;i=1008</Reference>
            <Reference ReferenceType="HasTypeDefinition">ns=2;i=2002</Reference>
            <Reference ReferenceType="HasProperty">ns=2;i=6010</Reference>
            <Reference ReferenceType="HasComponent">ns=2;i=6011</Reference>
            <Reference ReferenceType="HasComponent">ns=2;i=6012</Reference>
            <Reference ReferenceType="HasModellingRule">i=78</Reference>
        </References>
        <Value>
            <uax:Double>1</uax:Double>
        </Value>
    </UAVariable>
    <UAVariable DataType="Double" ParentNodeId="ns=2;i=6008" NodeId="ns=2;i=6009" BrowseName="1:Diameter" UserAccessLevel="3" AccessLevel="3">
        <DisplayName>Diameter</DisplayName>
        <References>
            <Reference ReferenceType="HasTypeDefinition">i=63</Reference>
            <Reference ReferenceType="HasComponent" IsForward="false">ns=2;i=6008</Reference>
            <Reference ReferenceType="HasModellingRule">i=78</Reference>
        </References>
    </UAVariable>
    <UAVariable DataType="Double" ParentNodeId="ns=2;i=6008" NodeId="ns=2;i=6010" BrowseName="1:DurabilityFactor" UserAccessLevel="3" AccessLevel="3">
        <DisplayName>DurabilityFactor</DisplayName>
        <References>
            <Reference ReferenceType="HasProperty" IsForward="false">ns=2;i=6008</Reference>
            <Reference ReferenceType="HasModellingRule">i=78</Reference>
            <Reference ReferenceType="HasTypeDefinition">i=68</Reference>
        </References>
    </UAVariable>
    <UAVariable DataType="Double" ParentNodeId="ns=2;i=6008" NodeId="ns=2;i=6011" BrowseName="1:EndDiameter" UserAccessLevel="3" AccessLevel="3">
        <DisplayName>EndDiameter</DisplayName>
        <References>
            <Reference ReferenceType="HasTypeDefinition">i=63</Reference>
            <Reference ReferenceType="HasComponent" IsForward="false">ns=2;i=6008</Reference>
            <Reference ReferenceType="HasModellingRule">i=78</Reference>
        </References>
    </UAVariable>
    <UAVariable DataType="Double" ParentNodeId="ns=2;i=6008" NodeId="ns=2;i=6012" BrowseName="1:InitialDiameter" UserAccessLevel="3" AccessLevel="3">
        <DisplayName>InitialDiameter</DisplayName>
        <References>
            <Reference ReferenceType="HasTypeDefinition">i=63</Reference>
            <Reference ReferenceType="HasComponent" IsForward="false">ns=2;i=6008</Reference>
            <Reference ReferenceType="HasModellingRule">i=78</Reference>
        </References>
    </UAVariable>
    <UAObjectType NodeId="ns=2;i=1007" BrowseName="1:MillingToolType">
        <DisplayName>MillingToolType</DisplayName>
        <References>
            <Reference ReferenceType="HasSubtype" IsForward="false">ns=2;i=1005</Reference>
        </References>
    </UAObjectType>
    <UAObjectType NodeId="ns=2;i=1006" BrowseName="1:TurningToolType">
        <DisplayName>TurningToolType</DisplayName>
        <References>
            <Reference ReferenceType="HasSubtype" IsForward="false">ns=2;i=1005</Reference>
        </References>
    </UAObjectType>
    <UAObject NodeId="ns=2;i=5003" BrowseName="1:DrillingMachine">
        <DisplayName>DrillingMachine</DisplayName>
        <References>
            <Reference ReferenceType="HasComponent">ns=2;i=5002</Reference>
            <Reference ReferenceType="Organizes" IsForward="false">i=85</Reference>
            <Reference ReferenceType="HasTypeDefinition">ns=2;i=1012</Reference>
            <Reference ReferenceType="HasComponent">ns=2;i=5013</Reference>
            <Reference ReferenceType="HasComponent">ns=2;i=5005</Reference>
            <Reference ReferenceType="HasComponent">ns=2;i=5015</Reference>
            <Reference ReferenceType="HasComponent">ns=2;i=5009</Reference>
            <Reference ReferenceType="HasComponent">ns=2;i=5011</Reference>
        </References>
    </UAObject>
    <UAObject ParentNodeId="ns=2;i=5003" NodeId="ns=2;i=5002" BrowseName="1:DrillBit">
        <DisplayName>DrillBit</DisplayName>
        <References>
            <Reference ReferenceType="HasComponent">ns=2;i=6018</Reference>
            <Reference ReferenceType="HasTypeDefinition">ns=2;i=1008</Reference>
            <Reference ReferenceType="HasComponent" IsForward="false">ns=2;i=5003</Reference>
        </References>
    </UAObject>
    <UAVariable DataType="Double" ParentNodeId="ns=2;i=5002" NodeId="ns=2;i=6018" BrowseName="1:DrillBitDiameter" UserAccessLevel="3" AccessLevel="3">
        <DisplayName>DrillBitDiameter</DisplayName>
        <References>
            <Reference ReferenceType="HasComponent">ns=2;i=6019</Reference>
            <Reference ReferenceType="HasComponent" IsForward="false">ns=2;i=5002</Reference>
            <Reference ReferenceType="HasTypeDefinition">ns=2;i=2002</Reference>
            <Reference ReferenceType="HasProperty">ns=2;i=6020</Reference>
            <Reference ReferenceType="HasComponent">ns=2;i=6021</Reference>
            <Reference ReferenceType="HasComponent">ns=2;i=6022</Reference>
        </References>
        <Value>
            <uax:Double>1</uax:Double>
        </Value>
    </UAVariable>
    <UAVariable DataType="Double" ParentNodeId="ns=2;i=6018" NodeId="ns=2;i=6019" BrowseName="1:Diameter" UserAccessLevel="3" AccessLevel="3">
        <DisplayName>Diameter</DisplayName>
        <References>
            <Reference ReferenceType="HasTypeDefinition">i=63</Reference>
            <Reference ReferenceType="HasComponent" IsForward="false">ns=2;i=6018</Reference>
        </References>
    </UAVariable>
    <UAVariable DataType="Double" ParentNodeId="ns=2;i=6018" NodeId="ns=2;i=6020" BrowseName="1:DurabilityFactor" UserAccessLevel="3" AccessLevel="3">
        <DisplayName>DurabilityFactor</DisplayName>
        <References>
            <Reference ReferenceType="HasProperty" IsForward="false">ns=2;i=6018</Reference>
            <Reference ReferenceType="HasTypeDefinition">i=68</Reference>
        </References>
    </UAVariable>
    <UAVariable DataType="Double" ParentNodeId="ns=2;i=6018" NodeId="ns=2;i=6021" BrowseName="1:EndDiameter" UserAccessLevel="3" AccessLevel="3">
        <DisplayName>EndDiameter</DisplayName>
        <References>
            <Reference ReferenceType="HasTypeDefinition">i=63</Reference>
            <Reference ReferenceType="HasComponent" IsForward="false">ns=2;i=6018</Reference>
        </References>
    </UAVariable>
    <UAVariable DataType="Double" ParentNodeId="ns=2;i=6018" NodeId="ns=2;i=6022" BrowseName="1:InitialDiameter" UserAccessLevel="3" AccessLevel="3">
        <DisplayName>InitialDiameter</DisplayName>
        <References>
            <Reference ReferenceType="HasTypeDefinition">i=63</Reference>
            <Reference ReferenceType="HasComponent" IsForward="false">ns=2;i=6018</Reference>
        </References>
    </UAVariable>
    <UAObject ParentNodeId="ns=2;i=5003" NodeId="ns=2;i=5013" BrowseName="1:PressureSensor">
        <DisplayName>PressureSensor</DisplayName>
        <References>
            <Reference ReferenceType="HasComponent">ns=2;i=6063</Reference>
            <Reference ReferenceType="HasComponent" IsForward="false">ns=2;i=5003</Reference>
            <Reference ReferenceType="HasTypeDefinition">ns=2;i=1018</Reference>
        </References>
    </UAObject>
    <UAVariable DataType="Double" ParentNodeId="ns=2;i=5013" NodeId="ns=2;i=6063" BrowseName="1:Pressure" UserAccessLevel="3" AccessLevel="3">
        <DisplayName>Pressure</DisplayName>
        <References>
            <Reference ReferenceType="HasTypeDefinition">i=63</Reference>
            <Reference ReferenceType="HasComponent" IsForward="false">ns=2;i=5013</Reference>
        </References>
        <Value>
            <uax:Double>0</uax:Double>
        </Value>
    </UAVariable>
    <UAObject ParentNodeId="ns=2;i=5003" NodeId="ns=2;i=5005" BrowseName="1:RotationSpeedSensor">
        <DisplayName>RotationSpeedSensor</DisplayName>
        <References>
            <Reference ReferenceType="HasComponent">ns=2;i=6047</Reference>
            <Reference ReferenceType="HasComponent" IsForward="false">ns=2;i=5003</Reference>
            <Reference ReferenceType="HasTypeDefinition">ns=2;i=1019</Reference>
        </References>
    </UAObject>
    <UAVariable DataType="Double" ParentNodeId="ns=2;i=5005" NodeId="ns=2;i=6047" BrowseName="1:RotationSpeed" UserAccessLevel="3" AccessLevel="3">
        <DisplayName>RotationSpeed</DisplayName>
        <References>
            <Reference ReferenceType="HasComponent">ns=2;i=6048</Reference>
            <Reference ReferenceType="HasComponent" IsForward="false">ns=2;i=5005</Reference>
            <Reference ReferenceType="HasTypeDefinition">ns=2;i=2013</Reference>
            <Reference ReferenceType="HasComponent">ns=2;i=6050</Reference>
        </References>
        <Value>
            <uax:Double>1</uax:Double>
        </Value>
    </UAVariable>
    <UAVariable DataType="Double" ParentNodeId="ns=2;i=6047" NodeId="ns=2;i=6048" BrowseName="1:MeasurementProperties" UserAccessLevel="3" AccessLevel="3">
        <DisplayName>MeasurementProperties</DisplayName>
        <References>
            <Reference ReferenceType="HasTypeDefinition">i=2368</Reference>
            <Reference ReferenceType="HasProperty">ns=2;i=6049</Reference>
            <Reference ReferenceType="HasProperty">ns=2;i=6035</Reference>
            <Reference ReferenceType="HasComponent" IsForward="false">ns=2;i=6047</Reference>
        </References>
        <Value>
            <uax:Double>0</uax:Double>
        </Value>
    </UAVariable>
    <UAVariable DataType="Range" ParentNodeId="ns=2;i=6048" NodeId="ns=2;i=6049" BrowseName="EURange">
        <DisplayName>EURange</DisplayName>
        <References>
            <Reference ReferenceType="HasProperty" IsForward="false">ns=2;i=6048</Reference>
            <Reference ReferenceType="HasTypeDefinition">i=68</Reference>
        </References>
    </UAVariable>
    <UAVariable DataType="Double" ParentNodeId="ns=2;i=6047" NodeId="ns=2;i=6050" BrowseName="1:TurningSpeed" UserAccessLevel="3" AccessLevel="3">
        <DisplayName>TurningSpeed</DisplayName>
        <References>
            <Reference ReferenceType="HasTypeDefinition">i=63</Reference>
            <Reference ReferenceType="HasComponent" IsForward="false">ns=2;i=6047</Reference>
        </References>
    </UAVariable>
    <UAObject ParentNodeId="ns=2;i=5003" NodeId="ns=2;i=5015" BrowseName="1:SurfaceQualitySensor">
        <DisplayName>SurfaceQualitySensor</DisplayName>
        <References>
            <Reference ReferenceType="HasComponent">ns=2;i=6066</Reference>
            <Reference ReferenceType="HasComponent" IsForward="false">ns=2;i=5003</Reference>
            <Reference ReferenceType="HasTypeDefinition">ns=2;i=1021</Reference>
        </References>
    </UAObject>
    <UAVariable DataType="Double" ParentNodeId="ns=2;i=5015" NodeId="ns=2;i=6066" BrowseName="1:SurfaceQuality" UserAccessLevel="3" AccessLevel="3">
        <DisplayName>SurfaceQuality</DisplayName>
        <References>
            <Reference ReferenceType="HasTypeDefinition">i=63</Reference>
            <Reference ReferenceType="HasComponent" IsForward="false">ns=2;i=5015</Reference>
        </References>
    </UAVariable>
    <UAObject ParentNodeId="ns=2;i=5003" NodeId="ns=2;i=5009" BrowseName="1:TempSensor1">
        <DisplayName>TempSensor1</DisplayName>
        <References>
            <Reference ReferenceType="HasComponent">ns=2;i=6058</Reference>
            <Reference ReferenceType="HasComponent" IsForward="false">ns=2;i=5003</Reference>
            <Reference ReferenceType="HasTypeDefinition">ns=2;i=1020</Reference>
        </References>
    </UAObject>
    <UAVariable DataType="Double" ParentNodeId="ns=2;i=5009" NodeId="ns=2;i=6058" BrowseName="1:Temperature" UserAccessLevel="3" AccessLevel="3">
        <DisplayName>Temperature</DisplayName>
        <References>
            <Reference ReferenceType="HasTypeDefinition">i=63</Reference>
            <Reference ReferenceType="HasComponent" IsForward="false">ns=2;i=5009</Reference>
        </References>
    </UAVariable>
    <UAObject ParentNodeId="ns=2;i=5003" NodeId="ns=2;i=5011" BrowseName="1:TempSensor2">
        <DisplayName>TempSensor2</DisplayName>
        <References>
            <Reference ReferenceType="HasComponent">ns=2;i=6060</Reference>
            <Reference ReferenceType="HasComponent" IsForward="false">ns=2;i=5003</Reference>
            <Reference ReferenceType="HasTypeDefinition">ns=2;i=1020</Reference>
        </References>
    </UAObject>
    <UAVariable DataType="Double" ParentNodeId="ns=2;i=5011" NodeId="ns=2;i=6060" BrowseName="1:Temperature" UserAccessLevel="3" AccessLevel="3">
        <DisplayName>Temperature</DisplayName>
        <References>
            <Reference ReferenceType="HasTypeDefinition">i=63</Reference>
            <Reference ReferenceType="HasComponent" IsForward="false">ns=2;i=5011</Reference>
        </References>
    </UAVariable>
    <UAObject NodeId="ns=2;i=5008" BrowseName="1:Gear">
        <DisplayName>Gear</DisplayName>
        <References>
            <Reference ReferenceType="Organizes" IsForward="false">i=85</Reference>
            <Reference ReferenceType="HasComponent">ns=2;i=6052</Reference>
            <Reference ReferenceType="HasTypeDefinition">ns=2;i=1010</Reference>
        </References>
    </UAObject>
    <UAVariable DataType="Double" ParentNodeId="ns=2;i=5008" NodeId="ns=2;i=6052" BrowseName="1:GearHoleDiameter" UserAccessLevel="3" AccessLevel="3">
        <DisplayName>GearHoleDiameter</DisplayName>
        <References>
            <Reference ReferenceType="HasTypeDefinition">ns=2;i=2003</Reference>
            <Reference ReferenceType="HasComponent" IsForward="false">ns=2;i=5008</Reference>
            <Reference ReferenceType="HasProperty">ns=2;i=6053</Reference>
            <Reference ReferenceType="HasProperty">ns=2;i=6054</Reference>
            <Reference ReferenceType="HasComponent">ns=2;i=6055</Reference>
        </References>
    </UAVariable>
    <UAVariable DataType="Double" ParentNodeId="ns=2;i=6052" NodeId="ns=2;i=6053" BrowseName="1:MaximumDiameterFactor" UserAccessLevel="3" AccessLevel="3">
        <DisplayName>MaximumDiameterFactor</DisplayName>
        <References>
            <Reference ReferenceType="HasProperty" IsForward="false">ns=2;i=6052</Reference>
            <Reference ReferenceType="HasTypeDefinition">i=68</Reference>
        </References>
        <Value>
            <uax:Double>1.04</uax:Double>
        </Value>
    </UAVariable>
    <UAVariable DataType="Double" ParentNodeId="ns=2;i=6052" NodeId="ns=2;i=6054" BrowseName="1:MinimalDiameterFactor" UserAccessLevel="3" AccessLevel="3">
        <DisplayName>MinimalDiameterFactor</DisplayName>
        <References>
            <Reference ReferenceType="HasProperty" IsForward="false">ns=2;i=6052</Reference>
            <Reference ReferenceType="HasTypeDefinition">i=68</Reference>
        </References>
        <Value>
            <uax:Double>0.95</uax:Double>
        </Value>
    </UAVariable>
    <UAVariable DataType="Double" ParentNodeId="ns=2;i=6052" NodeId="ns=2;i=6055" BrowseName="1:NominalDiameter" UserAccessLevel="3" AccessLevel="3">
        <DisplayName>NominalDiameter</DisplayName>
        <References>
            <Reference ReferenceType="HasTypeDefinition">i=63</Reference>
            <Reference ReferenceType="HasComponent" IsForward="false">ns=2;i=6052</Reference>
        </References>
    </UAVariable>
    <UAObject NodeId="ns=2;i=5007" BrowseName="1:MillingMachine">
        <DisplayName>MillingMachine</DisplayName>
        <References>
            <Reference ReferenceType="Organizes" IsForward="false">i=85</Reference>
            <Reference ReferenceType="HasTypeDefinition">ns=2;i=1013</Reference>
        </References>
    </UAObject>
</UANodeSet>
